{
  "content": {
    "_creators": null,
    "architecture": 64,
    "base_exec_prefix": "/nix/store/1gc9wvzsy15pclrqfspii166p52lmh5i-python3-3.10.13",
    "base_prefix": "/nix/store/1gc9wvzsy15pclrqfspii166p52lmh5i-python3-3.10.13",
    "distutils_install": {
      "data": "",
      "headers": "include/python3.10/UNKNOWN",
      "platlib": "lib/python3.10/site-packages",
      "purelib": "lib/python3.10/site-packages",
      "scripts": "bin"
    },
    "exec_prefix": "/nix/store/1gc9wvzsy15pclrqfspii166p52lmh5i-python3-3.10.13",
    "executable": "/nix/store/1gc9wvzsy15pclrqfspii166p52lmh5i-python3-3.10.13/bin/python3.10",
    "file_system_encoding": "utf-8",
    "has_venv": true,
    "implementation": "CPython",
    "max_size": 9223372036854775807,
    "original_executable": "/nix/store/1gc9wvzsy15pclrqfspii166p52lmh5i-python3-3.10.13/bin/python3.10",
    "os": "posix",
    "path": [
      "/nix/store/kl8q9n461fq93wvsxi7lrm3if9diax6l-poetry-in-venv/env/lib/python3.10/site-packages/virtualenv/discovery",
      "/nix/store/j0w3s6nm5agyirdf0rf7j44dmcxz7vry-sitecustomize/lib/python/site-packages",
      "/nix/store/b4safb4xh9j4ki6x9kqli82asr0r8n4i-python3.10-pip-23.3.1/lib/python3.10/site-packages",
      "/nix/store/1gc9wvzsy15pclrqfspii166p52lmh5i-python3-3.10.13/lib/python310.zip",
      "/nix/store/1gc9wvzsy15pclrqfspii166p52lmh5i-python3-3.10.13/lib/python3.10",
      "/nix/store/1gc9wvzsy15pclrqfspii166p52lmh5i-python3-3.10.13/lib/python3.10/lib-dynload",
      "/home/runner/MistyWelllitFormula/.pythonlibs/lib/python3.10/site-packages",
      "/nix/store/1gc9wvzsy15pclrqfspii166p52lmh5i-python3-3.10.13/lib/python3.10/site-packages",
      "/home/runner/MistyWelllitFormula/.pythonlibs/lib/python3.10/site-packages",
      "/nix/store/jj0ngw5gls74iqsh9hq7db769g0zwsxj-python3.10-setuptools-69.0.3/lib/python3.10/site-packages"
    ],
    "platform": "linux",
    "prefix": "/nix/store/1gc9wvzsy15pclrqfspii166p52lmh5i-python3-3.10.13",
    "real_prefix": null,
    "stdout_encoding": "utf-8",
    "sysconfig": {
      "makefile_filename": "/nix/store/1gc9wvzsy15pclrqfspii166p52lmh5i-python3-3.10.13/lib/python3.10/config-3.10-x86_64-linux-gnu/Makefile"
    },
    "sysconfig_paths": {
      "data": "{base}",
      "include": "{installed_base}/include/python{py_version_short}{abiflags}",
      "platlib": "{platbase}/{platlibdir}/python{py_version_short}/site-packages",
      "platstdlib": "{platbase}/{platlibdir}/python{py_version_short}",
      "purelib": "{base}/lib/python{py_version_short}/site-packages",
      "scripts": "{base}/bin",
      "stdlib": "{installed_base}/{platlibdir}/python{py_version_short}"
    },
    "sysconfig_scheme": null,
    "sysconfig_vars": {
      "PYTHONFRAMEWORK": "",
      "abiflags": "",
      "base": "/nix/store/1gc9wvzsy15pclrqfspii166p52lmh5i-python3-3.10.13",
      "installed_base": "/nix/store/1gc9wvzsy15pclrqfspii166p52lmh5i-python3-3.10.13",
      "platbase": "/nix/store/1gc9wvzsy15pclrqfspii166p52lmh5i-python3-3.10.13",
      "platlibdir": "lib",
      "py_version_short": "3.10"
    },
    "system_executable": "/nix/store/1gc9wvzsy15pclrqfspii166p52lmh5i-python3-3.10.13/bin/python3.10",
    "system_stdlib": "/nix/store/1gc9wvzsy15pclrqfspii166p52lmh5i-python3-3.10.13/lib/python3.10",
    "system_stdlib_platform": "/nix/store/1gc9wvzsy15pclrqfspii166p52lmh5i-python3-3.10.13/lib/python3.10",
    "version": "3.10.13 (main, Aug 24 2023, 12:59:26) [GCC 13.2.0]",
    "version_info": {
      "major": 3,
      "micro": 13,
      "minor": 10,
      "releaselevel": "final",
      "serial": 0
    },
    "version_nodot": "310"
  },
  "path": "/nix/store/1gc9wvzsy15pclrqfspii166p52lmh5i-python3-3.10.13/bin/python3.10",
  "st_mtime": 1.0
}